{
 "client_id": "C.32b3489e2e7be8ab",
 "hostname": "WIN-HJP127OB8M5",
 "fqdn": "WIN-HJP127OB8M5",
 "system": "windows",
 "release": "Microsoft Windows Server 2012 R2 Datacenter6.3.9600 Build 9600",
 "architecture": "amd64",
 "ip_address": "38.54.17.21:53786",
 "ping": 1698543682457672,
 "client_version": "0.7.0-3",
 "client_name": "velociraptor",
 "first_seen_at": 1696501289,
 "build_time": "2023-10-01T13:24:20Z",
 "labels": [
  "ws_ftp honeypot"
 ],
 "mac_addresses": [
  "52:54:8f:9b:2c:25",
  "52:54:0a:5b:a4:5f",
  "00:00:00:00:00:00:00:e0",
  "00:00:00:00:00:00:00:e0",
  "00:00:00:00:00:00:00:e0"
 ],
 "last_interrogate_flow_id": "F.CKF8SAA5CO38C",
 "last_interrogate_artifact_name": "Generic.Client.Info/BasicInformation",
 "last_event_table_version": 1698101403031697129,
 "labels_timestamp": 1698093457510658845
}