{
 "context": {
  "client_id": "C.32b3489e2e7be8ab",
  "session_id": "F.CKUR9NP8IIA2C",
  "request": {
   "creator": "mgreen",
   "client_id": "C.32b3489e2e7be8ab",
   "artifacts": [
    "Exchange.Windows.Bulk.File"
   ],
   "specs": [
    {
     "artifact": "Exchange.Windows.Bulk.File",
     "parameters": {
      "env": [
       {
        "key": "IocLookupTable",
        "value": "TargetGlob,IgnoreRegex,Description\nC:/inetpub/logs/LogFiles/W3SVC1/*,,Staging location\n"
       },
       {
        "key": "UploadHits",
        "value": "Y"
       }
      ]
     }
    }
   ]
  },
  "create_time": 1698542815888564,
  "start_time": 1698596816283187,
  "active_time": 1698596816522961,
  "total_uploaded_files": 28,
  "total_expected_uploaded_bytes": 1510436,
  "total_uploaded_bytes": 1510436,
  "total_collected_rows": 28,
  "total_logs": 5,
  "total_requests": 1,
  "execution_duration": 239774000,
  "state": 2,
  "artifacts_with_results": [
   "Exchange.Windows.Bulk.File"
  ],
  "query_stats": [
   {
    "duration": 239774000,
    "last_active": 1698596816522961,
    "first_active": 1698596816283187,
    "names_with_response": [
     "Exchange.Windows.Bulk.File"
    ],
    "log_rows": 5,
    "uploaded_files": 28,
    "uploaded_bytes": 1510436,
    "expected_uploaded_bytes": 1510436,
    "result_rows": 28
   }
  ]
 },
 "available_downloads": {
  "files": [
   {
    "name": "WIN-HJP127OB8M5-C.32b3489e2e7be8ab-F.CKUR9NP8IIA2C",
    "path": "downloads/C.32b3489e2e7be8ab/F.CKUR9NP8IIA2C/WIN-HJP127OB8M5-C.32b3489e2e7be8ab-F.CKUR9NP8IIA2C.zip",
    "type": "zip",
    "stats": {
     "timestamp": 1698543682,
     "components": [
      "downloads",
      "C.32b3489e2e7be8ab",
      "F.CKUR9NP8IIA2C",
      "WIN-HJP127OB8M5-C.32b3489e2e7be8ab-F.CKUR9NP8IIA2C.zip"
     ],
     "type": "zip"
    }
   }
  ]
 }
}