{"client_time":1698596816,"level":"INFO","message":"Starting query execution for Exchange.Windows.Bulk.File.\n"}
{"client_time":1698596816,"level":"DEFAULT","message":"Exchange.Windows.Bulk.File: Time 0: Exchange.Windows.Bulk.File: Sending response part 0 27 kB (28 rows)."}
{"client_time":1698596816,"level":"DEFAULT","message":"Exchange.Windows.Bulk.File: Uploaded 28 files."}
{"client_time":1698596816,"level":"INFO","message":"Collection Exchange.Windows.Bulk.File is done after 234.9282ms\n"}
{"client_time":1698596816,"level":"DEBUG","message":"Query Stats: {\"RowsScanned\":144,\"PluginsCalled\":8,\"FunctionsCalled\":227,\"ProtocolSearch\":5100,\"ScopeCopy\":326}\n"}
