{
 "items": [
  {
   "session_id": "F.CKUR9NP8IIA2C",
   "request_id": 1,
   "FlowRequest": {
    "VQLClientActions": [
     {
      "query_id": 1,
      "total_queries": 1,
      "precondition": "\nSELECT OS From info() where OS = 'windows'\n",
      "env": [
       {
        "key": "UploadHits",
        "value": "Y"
       },
       {
        "key": "Accessor",
        "value": "auto"
       },
       {
        "key": "IocLookupTable",
        "value": "TargetGlob,IgnoreRegex,Description\nC:/inetpub/logs/LogFiles/W3SVC1/*,,Staging location\n"
       }
      ],
      "Query": [
       {
        "VQL": "LET UploadHits \u003c= get(field='UploadHits') = TRUE OR get(field='UploadHits') =~ '^(Y|TRUE|YES|OK)$'"
       },
       {
        "VQL": "LET IocLookupTable \u003c= SELECT * FROM if(condition=format(format=\"%T\", args=IocLookupTable) =~ \"string\", then={ SELECT * FROM parse_csv(filename=IocLookupTable, accessor='data') }, else=IocLookupTable)"
       },
       {
        "VQL": "LET precondition_Exchange_Windows_Bulk_File_0 = SELECT OS FROM info() WHERE OS = 'windows'"
       },
       {
        "VQL": "LET hits = SELECT * FROM foreach(row=IocLookupTable, query={ SELECT OSPath, Name, dict(TargetGlob=TargetGlob, IgnoreRegex=IgnoreRegex, Description=Description) AS IocDetails, timestamp(epoch=Mtime) AS Mtime, timestamp(epoch=Atime) AS Atime, timestamp(epoch=Ctime) AS Ctime, timestamp(epoch=Btime) AS Btime, Size, IsLink FROM glob(globs=TargetGlob, accessor=Accessor) WHERE NOT IsDir  AND NOT if(condition=IgnoreRegex, then=OSPath =~ IgnoreRegex, else=FALSE) })"
       },
       {
        "VQL": "LET upload_hits = SELECT *, upload(file=OSPath) FROM hits"
       },
       {
        "VQL": "LET Exchange_Windows_Bulk_File_0_2 = SELECT *, hash(path=OSPath) AS Hash FROM if(condition=UploadHits, then=upload_hits, else=hits)"
       },
       {
        "Name": "$74320bc9977d1f1b0a6828a4e6bd1c304f857a55a907aaf3a2578a9e87f7e361",
        "VQL": "SELECT * FROM if(then=Exchange_Windows_Bulk_File_0_2, condition=precondition_Exchange_Windows_Bulk_File_0, else={ SELECT * FROM scope() WHERE log(message='Query skipped due to precondition')  AND FALSE })"
       }
      ],
      "max_row": 1000
     }
    ],
    "log_batch_time": 2000
   }
  }
 ]
}