{"Timestamp":1698542817,"started":"2023-10-29 01:26:57.500139257 +0000 UTC","vfs_path":"C:\\inetpub\\logs\\LogFiles\\W3SVC1\\u_ex231002.log","Type":"","_Components":["uploads","auto","C:","inetpub","logs","LogFiles","W3SVC1","u_ex231002.log"],"file_size":30426,"_accessor":"auto","_client_components":["C:","inetpub","logs","LogFiles","W3SVC1","u_ex231002.log"],"uploaded_size":30426}
{"Timestamp":1698542817,"started":"2023-10-29 01:26:57.500346612 +0000 UTC","vfs_path":"C:\\inetpub\\logs\\LogFiles\\W3SVC1\\u_ex231003.log","Type":"","_Components":["uploads","auto","C:","inetpub","logs","LogFiles","W3SVC1","u_ex231003.log"],"file_size":36016,"_accessor":"auto","_client_components":["C:","inetpub","logs","LogFiles","W3SVC1","u_ex231003.log"],"uploaded_size":36016}
{"Timestamp":1698542817,"started":"2023-10-29 01:26:57.500529108 +0000 UTC","vfs_path":"C:\\inetpub\\logs\\LogFiles\\W3SVC1\\u_ex231004.log","Type":"","_Components":["uploads","auto","C:","inetpub","logs","LogFiles","W3SVC1","u_ex231004.log"],"file_size":43211,"_accessor":"auto","_client_components":["C:","inetpub","logs","LogFiles","W3SVC1","u_ex231004.log"],"uploaded_size":43211}
{"Timestamp":1698542817,"started":"2023-10-29 01:26:57.500709046 +0000 UTC","vfs_path":"C:\\inetpub\\logs\\LogFiles\\W3SVC1\\u_ex231005.log","Type":"","_Components":["uploads","auto","C:","inetpub","logs","LogFiles","W3SVC1","u_ex231005.log"],"file_size":41471,"_accessor":"auto","_client_components":["C:","inetpub","logs","LogFiles","W3SVC1","u_ex231005.log"],"uploaded_size":41471}
{"Timestamp":1698542817,"started":"2023-10-29 01:26:57.504459944 +0000 UTC","vfs_path":"C:\\inetpub\\logs\\LogFiles\\W3SVC1\\u_ex231006.log","Type":"","_Components":["uploads","auto","C:","inetpub","logs","LogFiles","W3SVC1","u_ex231006.log"],"file_size":165794,"_accessor":"auto","_client_components":["C:","inetpub","logs","LogFiles","W3SVC1","u_ex231006.log"],"uploaded_size":165794}
{"Timestamp":1698542817,"started":"2023-10-29 01:26:57.506460223 +0000 UTC","vfs_path":"C:\\inetpub\\logs\\LogFiles\\W3SVC1\\u_ex231007.log","Type":"","_Components":["uploads","auto","C:","inetpub","logs","LogFiles","W3SVC1","u_ex231007.log"],"file_size":118343,"_accessor":"auto","_client_components":["C:","inetpub","logs","LogFiles","W3SVC1","u_ex231007.log"],"uploaded_size":118343}
{"Timestamp":1698542817,"started":"2023-10-29 01:26:57.506659172 +0000 UTC","vfs_path":"C:\\inetpub\\logs\\LogFiles\\W3SVC1\\u_ex231008.log","Type":"","_Components":["uploads","auto","C:","inetpub","logs","LogFiles","W3SVC1","u_ex231008.log"],"file_size":38472,"_accessor":"auto","_client_components":["C:","inetpub","logs","LogFiles","W3SVC1","u_ex231008.log"],"uploaded_size":38472}
{"Timestamp":1698542817,"started":"2023-10-29 01:26:57.506841326 +0000 UTC","vfs_path":"C:\\inetpub\\logs\\LogFiles\\W3SVC1\\u_ex231009.log","Type":"","_Components":["uploads","auto","C:","inetpub","logs","LogFiles","W3SVC1","u_ex231009.log"],"file_size":36644,"_accessor":"auto","_client_components":["C:","inetpub","logs","LogFiles","W3SVC1","u_ex231009.log"],"uploaded_size":36644}
{"Timestamp":1698542817,"started":"2023-10-29 01:26:57.507038514 +0000 UTC","vfs_path":"C:\\inetpub\\logs\\LogFiles\\W3SVC1\\u_ex231010.log","Type":"","_Components":["uploads","auto","C:","inetpub","logs","LogFiles","W3SVC1","u_ex231010.log"],"file_size":42869,"_accessor":"auto","_client_components":["C:","inetpub","logs","LogFiles","W3SVC1","u_ex231010.log"],"uploaded_size":42869}
{"Timestamp":1698542817,"started":"2023-10-29 01:26:57.507230568 +0000 UTC","vfs_path":"C:\\inetpub\\logs\\LogFiles\\W3SVC1\\u_ex231011.log","Type":"","_Components":["uploads","auto","C:","inetpub","logs","LogFiles","W3SVC1","u_ex231011.log"],"file_size":42309,"_accessor":"auto","_client_components":["C:","inetpub","logs","LogFiles","W3SVC1","u_ex231011.log"],"uploaded_size":42309}
{"Timestamp":1698542817,"started":"2023-10-29 01:26:57.507413659 +0000 UTC","vfs_path":"C:\\inetpub\\logs\\LogFiles\\W3SVC1\\u_ex231012.log","Type":"","_Components":["uploads","auto","C:","inetpub","logs","LogFiles","W3SVC1","u_ex231012.log"],"file_size":45416,"_accessor":"auto","_client_components":["C:","inetpub","logs","LogFiles","W3SVC1","u_ex231012.log"],"uploaded_size":45416}
{"Timestamp":1698542817,"started":"2023-10-29 01:26:57.507727924 +0000 UTC","vfs_path":"C:\\inetpub\\logs\\LogFiles\\W3SVC1\\u_ex231013.log","Type":"","_Components":["uploads","auto","C:","inetpub","logs","LogFiles","W3SVC1","u_ex231013.log"],"file_size":71007,"_accessor":"auto","_client_components":["C:","inetpub","logs","LogFiles","W3SVC1","u_ex231013.log"],"uploaded_size":71007}
{"Timestamp":1698542817,"started":"2023-10-29 01:26:57.511198455 +0000 UTC","vfs_path":"C:\\inetpub\\logs\\LogFiles\\W3SVC1\\u_ex231014.log","Type":"","_Components":["uploads","auto","C:","inetpub","logs","LogFiles","W3SVC1","u_ex231014.log"],"file_size":33269,"_accessor":"auto","_client_components":["C:","inetpub","logs","LogFiles","W3SVC1","u_ex231014.log"],"uploaded_size":33269}
{"Timestamp":1698542817,"started":"2023-10-29 01:26:57.511391271 +0000 UTC","vfs_path":"C:\\inetpub\\logs\\LogFiles\\W3SVC1\\u_ex231015.log","Type":"","_Components":["uploads","auto","C:","inetpub","logs","LogFiles","W3SVC1","u_ex231015.log"],"file_size":38719,"_accessor":"auto","_client_components":["C:","inetpub","logs","LogFiles","W3SVC1","u_ex231015.log"],"uploaded_size":38719}
{"Timestamp":1698542817,"started":"2023-10-29 01:26:57.513244172 +0000 UTC","vfs_path":"C:\\inetpub\\logs\\LogFiles\\W3SVC1\\u_ex231016.log","Type":"","_Components":["uploads","auto","C:","inetpub","logs","LogFiles","W3SVC1","u_ex231016.log"],"file_size":58989,"_accessor":"auto","_client_components":["C:","inetpub","logs","LogFiles","W3SVC1","u_ex231016.log"],"uploaded_size":58989}
{"Timestamp":1698542817,"started":"2023-10-29 01:26:57.513449271 +0000 UTC","vfs_path":"C:\\inetpub\\logs\\LogFiles\\W3SVC1\\u_ex231017.log","Type":"","_Components":["uploads","auto","C:","inetpub","logs","LogFiles","W3SVC1","u_ex231017.log"],"file_size":43887,"_accessor":"auto","_client_components":["C:","inetpub","logs","LogFiles","W3SVC1","u_ex231017.log"],"uploaded_size":43887}
{"Timestamp":1698542817,"started":"2023-10-29 01:26:57.513637307 +0000 UTC","vfs_path":"C:\\inetpub\\logs\\LogFiles\\W3SVC1\\u_ex231018.log","Type":"","_Components":["uploads","auto","C:","inetpub","logs","LogFiles","W3SVC1","u_ex231018.log"],"file_size":50030,"_accessor":"auto","_client_components":["C:","inetpub","logs","LogFiles","W3SVC1","u_ex231018.log"],"uploaded_size":50030}
{"Timestamp":1698542817,"started":"2023-10-29 01:26:57.51381682 +0000 UTC","vfs_path":"C:\\inetpub\\logs\\LogFiles\\W3SVC1\\u_ex231019.log","Type":"","_Components":["uploads","auto","C:","inetpub","logs","LogFiles","W3SVC1","u_ex231019.log"],"file_size":42043,"_accessor":"auto","_client_components":["C:","inetpub","logs","LogFiles","W3SVC1","u_ex231019.log"],"uploaded_size":42043}
{"Timestamp":1698542817,"started":"2023-10-29 01:26:57.514050832 +0000 UTC","vfs_path":"C:\\inetpub\\logs\\LogFiles\\W3SVC1\\u_ex231020.log","Type":"","_Components":["uploads","auto","C:","inetpub","logs","LogFiles","W3SVC1","u_ex231020.log"],"file_size":48579,"_accessor":"auto","_client_components":["C:","inetpub","logs","LogFiles","W3SVC1","u_ex231020.log"],"uploaded_size":48579}
{"Timestamp":1698542817,"started":"2023-10-29 01:26:57.515182611 +0000 UTC","vfs_path":"C:\\inetpub\\logs\\LogFiles\\W3SVC1\\u_ex231021.log","Type":"","_Components":["uploads","auto","C:","inetpub","logs","LogFiles","W3SVC1","u_ex231021.log"],"file_size":52993,"_accessor":"auto","_client_components":["C:","inetpub","logs","LogFiles","W3SVC1","u_ex231021.log"],"uploaded_size":52993}
{"Timestamp":1698542817,"started":"2023-10-29 01:26:57.515390245 +0000 UTC","vfs_path":"C:\\inetpub\\logs\\LogFiles\\W3SVC1\\u_ex231022.log","Type":"","_Components":["uploads","auto","C:","inetpub","logs","LogFiles","W3SVC1","u_ex231022.log"],"file_size":51422,"_accessor":"auto","_client_components":["C:","inetpub","logs","LogFiles","W3SVC1","u_ex231022.log"],"uploaded_size":51422}
{"Timestamp":1698542817,"started":"2023-10-29 01:26:57.515639542 +0000 UTC","vfs_path":"C:\\inetpub\\logs\\LogFiles\\W3SVC1\\u_ex231023.log","Type":"","_Components":["uploads","auto","C:","inetpub","logs","LogFiles","W3SVC1","u_ex231023.log"],"file_size":109796,"_accessor":"auto","_client_components":["C:","inetpub","logs","LogFiles","W3SVC1","u_ex231023.log"],"uploaded_size":109796}
{"Timestamp":1698542817,"started":"2023-10-29 01:26:57.516285365 +0000 UTC","vfs_path":"C:\\inetpub\\logs\\LogFiles\\W3SVC1\\u_ex231024.log","Type":"","_Components":["uploads","auto","C:","inetpub","logs","LogFiles","W3SVC1","u_ex231024.log"],"file_size":48743,"_accessor":"auto","_client_components":["C:","inetpub","logs","LogFiles","W3SVC1","u_ex231024.log"],"uploaded_size":48743}
{"Timestamp":1698542817,"started":"2023-10-29 01:26:57.523859152 +0000 UTC","vfs_path":"C:\\inetpub\\logs\\LogFiles\\W3SVC1\\u_ex231025.log","Type":"","_Components":["uploads","auto","C:","inetpub","logs","LogFiles","W3SVC1","u_ex231025.log"],"file_size":43727,"_accessor":"auto","_client_components":["C:","inetpub","logs","LogFiles","W3SVC1","u_ex231025.log"],"uploaded_size":43727}
{"Timestamp":1698542817,"started":"2023-10-29 01:26:57.524065718 +0000 UTC","vfs_path":"C:\\inetpub\\logs\\LogFiles\\W3SVC1\\u_ex231026.log","Type":"","_Components":["uploads","auto","C:","inetpub","logs","LogFiles","W3SVC1","u_ex231026.log"],"file_size":42600,"_accessor":"auto","_client_components":["C:","inetpub","logs","LogFiles","W3SVC1","u_ex231026.log"],"uploaded_size":42600}
{"Timestamp":1698542817,"started":"2023-10-29 01:26:57.524248581 +0000 UTC","vfs_path":"C:\\inetpub\\logs\\LogFiles\\W3SVC1\\u_ex231027.log","Type":"","_Components":["uploads","auto","C:","inetpub","logs","LogFiles","W3SVC1","u_ex231027.log"],"file_size":45334,"_accessor":"auto","_client_components":["C:","inetpub","logs","LogFiles","W3SVC1","u_ex231027.log"],"uploaded_size":45334}
{"Timestamp":1698542817,"started":"2023-10-29 01:26:57.524426799 +0000 UTC","vfs_path":"C:\\inetpub\\logs\\LogFiles\\W3SVC1\\u_ex231028.log","Type":"","_Components":["uploads","auto","C:","inetpub","logs","LogFiles","W3SVC1","u_ex231028.log"],"file_size":41608,"_accessor":"auto","_client_components":["C:","inetpub","logs","LogFiles","W3SVC1","u_ex231028.log"],"uploaded_size":41608}
{"Timestamp":1698542817,"started":"2023-10-29 01:26:57.524605208 +0000 UTC","vfs_path":"C:\\inetpub\\logs\\LogFiles\\W3SVC1\\u_ex231029.log","Type":"","_Components":["uploads","auto","C:","inetpub","logs","LogFiles","W3SVC1","u_ex231029.log"],"file_size":46719,"_accessor":"auto","_client_components":["C:","inetpub","logs","LogFiles","W3SVC1","u_ex231029.log"],"uploaded_size":46719}
