{"OSPath":"C:\\inetpub\\logs\\LogFiles\\W3SVC1\\u_ex231002.log","Name":"u_ex231002.log","IocDetails":{"TargetGlob":"C:/inetpub/logs/LogFiles/W3SVC1/*","IgnoreRegex":"","Description":"Staging location"},"Mtime":"2023-10-02T23:50:50.2262551Z","Atime":"2023-10-02T10:06:41.0897146Z","Ctime":"2023-10-02T23:50:50.2262551Z","Btime":"2023-10-02T10:06:41.0897146Z","Size":30426,"IsLink":false,"upload(file=OSPath)":{"Path":"C:\\inetpub\\logs\\LogFiles\\W3SVC1\\u_ex231002.log","Size":30426,"StoredSize":30426,"sha256":"2576d89389faef98c80209966e0bb12f6fec3421e0647ab4ee515d0a99cdbb26","md5":"fb499985277147bb46239f1a51597c45","StoredName":"C:\\inetpub\\logs\\LogFiles\\W3SVC1\\u_ex231002.log","Components":["C:","inetpub","logs","LogFiles","W3SVC1","u_ex231002.log"],"Accessor":"auto"},"Hash":{"MD5":"fb499985277147bb46239f1a51597c45","SHA1":"0c7853bddc61aa7859ddbb26490bd79bd3bc9fbb","SHA256":"2576d89389faef98c80209966e0bb12f6fec3421e0647ab4ee515d0a99cdbb26"}}
{"OSPath":"C:\\inetpub\\logs\\LogFiles\\W3SVC1\\u_ex231003.log","Name":"u_ex231003.log","IocDetails":{"TargetGlob":"C:/inetpub/logs/LogFiles/W3SVC1/*","IgnoreRegex":"","Description":"Staging location"},"Mtime":"2023-10-03T23:50:49.2067032Z","Atime":"2023-10-03T00:01:27.0706473Z","Ctime":"2023-10-03T23:50:49.2067032Z","Btime":"2023-10-03T00:01:27.0706473Z","Size":36016,"IsLink":false,"upload(file=OSPath)":{"Path":"C:\\inetpub\\logs\\LogFiles\\W3SVC1\\u_ex231003.log","Size":36016,"StoredSize":36016,"sha256":"483f7e44f49416073ee91f2867a41465c9f221eca5723f6f3b29a1142994f013","md5":"93c33ea8090fb46c8875c48a108cd907","StoredName":"C:\\inetpub\\logs\\LogFiles\\W3SVC1\\u_ex231003.log","Components":["C:","inetpub","logs","LogFiles","W3SVC1","u_ex231003.log"],"Accessor":"auto"},"Hash":{"MD5":"93c33ea8090fb46c8875c48a108cd907","SHA1":"839fdb7e44c7dd0dbaa0bbdc67188d555ffd6801","SHA256":"483f7e44f49416073ee91f2867a41465c9f221eca5723f6f3b29a1142994f013"}}
{"OSPath":"C:\\inetpub\\logs\\LogFiles\\W3SVC1\\u_ex231004.log","Name":"u_ex231004.log","IocDetails":{"TargetGlob":"C:/inetpub/logs/LogFiles/W3SVC1/*","IgnoreRegex":"","Description":"Staging location"},"Mtime":"2023-10-04T23:37:51.9258163Z","Atime":"2023-10-04T00:03:08.2761403Z","Ctime":"2023-10-04T23:37:51.9258163Z","Btime":"2023-10-04T00:03:08.2761403Z","Size":43211,"IsLink":false,"upload(file=OSPath)":{"Path":"C:\\inetpub\\logs\\LogFiles\\W3SVC1\\u_ex231004.log","Size":43211,"StoredSize":43211,"sha256":"a34097571c51bc9cbbcd7f3135ba21d667bd2e9e2a50e8ce17ce0eafd4a2e80a","md5":"b87d2fdbec025e39c2ba57a6e7890a11","StoredName":"C:\\inetpub\\logs\\LogFiles\\W3SVC1\\u_ex231004.log","Components":["C:","inetpub","logs","LogFiles","W3SVC1","u_ex231004.log"],"Accessor":"auto"},"Hash":{"MD5":"b87d2fdbec025e39c2ba57a6e7890a11","SHA1":"4312de06e78ad35250c10bd6e06e86c4e69ec3aa","SHA256":"a34097571c51bc9cbbcd7f3135ba21d667bd2e9e2a50e8ce17ce0eafd4a2e80a"}}
{"OSPath":"C:\\inetpub\\logs\\LogFiles\\W3SVC1\\u_ex231005.log","Name":"u_ex231005.log","IocDetails":{"TargetGlob":"C:/inetpub/logs/LogFiles/W3SVC1/*","IgnoreRegex":"","Description":"Staging location"},"Mtime":"2023-10-05T23:42:50.2582117Z","Atime":"2023-10-05T00:01:36.030931Z","Ctime":"2023-10-05T23:42:50.2582117Z","Btime":"2023-10-05T00:01:36.030931Z","Size":41471,"IsLink":false,"upload(file=OSPath)":{"Path":"C:\\inetpub\\logs\\LogFiles\\W3SVC1\\u_ex231005.log","Size":41471,"StoredSize":41471,"sha256":"790014d954d4d6c15d9720673ac232e4085f4e49bb4b8e92a7e5cc74db4ce7ed","md5":"9adb1938739fe289de980817b8af6861","StoredName":"C:\\inetpub\\logs\\LogFiles\\W3SVC1\\u_ex231005.log","Components":["C:","inetpub","logs","LogFiles","W3SVC1","u_ex231005.log"],"Accessor":"auto"},"Hash":{"MD5":"9adb1938739fe289de980817b8af6861","SHA1":"c56d401189b9fdde64683e8a124e026654e2ad8d","SHA256":"790014d954d4d6c15d9720673ac232e4085f4e49bb4b8e92a7e5cc74db4ce7ed"}}
{"OSPath":"C:\\inetpub\\logs\\LogFiles\\W3SVC1\\u_ex231006.log","Name":"u_ex231006.log","IocDetails":{"TargetGlob":"C:/inetpub/logs/LogFiles/W3SVC1/*","IgnoreRegex":"","Description":"Staging location"},"Mtime":"2023-10-06T23:59:49.069009Z","Atime":"2023-10-06T00:06:33.4339637Z","Ctime":"2023-10-06T23:59:49.069009Z","Btime":"2023-10-06T00:06:33.4339637Z","Size":165794,"IsLink":false,"upload(file=OSPath)":{"Path":"C:\\inetpub\\logs\\LogFiles\\W3SVC1\\u_ex231006.log","Size":165794,"StoredSize":165794,"sha256":"207097fe32404bc1b4980e49015327fbd4e4568d95f91feb22939df4700cad44","md5":"e276ebd43d3d734009a03ac0db121080","StoredName":"C:\\inetpub\\logs\\LogFiles\\W3SVC1\\u_ex231006.log","Components":["C:","inetpub","logs","LogFiles","W3SVC1","u_ex231006.log"],"Accessor":"auto"},"Hash":{"MD5":"e276ebd43d3d734009a03ac0db121080","SHA1":"3bca98ae1021785b6390ad96bb5e994c5bfc8850","SHA256":"207097fe32404bc1b4980e49015327fbd4e4568d95f91feb22939df4700cad44"}}
{"OSPath":"C:\\inetpub\\logs\\LogFiles\\W3SVC1\\u_ex231007.log","Name":"u_ex231007.log","IocDetails":{"TargetGlob":"C:/inetpub/logs/LogFiles/W3SVC1/*","IgnoreRegex":"","Description":"Staging location"},"Mtime":"2023-10-07T23:40:48.9672116Z","Atime":"2023-10-07T00:00:02.0324871Z","Ctime":"2023-10-07T23:40:48.9672116Z","Btime":"2023-10-07T00:00:02.0324871Z","Size":118343,"IsLink":false,"upload(file=OSPath)":{"Path":"C:\\inetpub\\logs\\LogFiles\\W3SVC1\\u_ex231007.log","Size":118343,"StoredSize":118343,"sha256":"0451ef124024174a77f075a036c4996f66a9fb832e0d90dd4873ff481abcace8","md5":"00ce9088c6707d83f34a6fa33327c1a4","StoredName":"C:\\inetpub\\logs\\LogFiles\\W3SVC1\\u_ex231007.log","Components":["C:","inetpub","logs","LogFiles","W3SVC1","u_ex231007.log"],"Accessor":"auto"},"Hash":{"MD5":"00ce9088c6707d83f34a6fa33327c1a4","SHA1":"a43fe080fda82fedfda0991dfde979a51e67f8ed","SHA256":"0451ef124024174a77f075a036c4996f66a9fb832e0d90dd4873ff481abcace8"}}
{"OSPath":"C:\\inetpub\\logs\\LogFiles\\W3SVC1\\u_ex231008.log","Name":"u_ex231008.log","IocDetails":{"TargetGlob":"C:/inetpub/logs/LogFiles/W3SVC1/*","IgnoreRegex":"","Description":"Staging location"},"Mtime":"2023-10-08T23:41:48.9794423Z","Atime":"2023-10-08T00:09:55.3387658Z","Ctime":"2023-10-08T23:41:48.9794423Z","Btime":"2023-10-08T00:09:55.3387658Z","Size":38472,"IsLink":false,"upload(file=OSPath)":{"Path":"C:\\inetpub\\logs\\LogFiles\\W3SVC1\\u_ex231008.log","Size":38472,"StoredSize":38472,"sha256":"9e5894a0450ec2f68fa32aa045c22c8eed020a69144bd9dda65a4d445765997f","md5":"d80065173f746db7e6237f4436628581","StoredName":"C:\\inetpub\\logs\\LogFiles\\W3SVC1\\u_ex231008.log","Components":["C:","inetpub","logs","LogFiles","W3SVC1","u_ex231008.log"],"Accessor":"auto"},"Hash":{"MD5":"d80065173f746db7e6237f4436628581","SHA1":"ee717efbd5684718c20f350fcaae2066b534ac52","SHA256":"9e5894a0450ec2f68fa32aa045c22c8eed020a69144bd9dda65a4d445765997f"}}
{"OSPath":"C:\\inetpub\\logs\\LogFiles\\W3SVC1\\u_ex231009.log","Name":"u_ex231009.log","IocDetails":{"TargetGlob":"C:/inetpub/logs/LogFiles/W3SVC1/*","IgnoreRegex":"","Description":"Staging location"},"Mtime":"2023-10-09T23:45:50.2525777Z","Atime":"2023-10-09T00:11:38.5265107Z","Ctime":"2023-10-09T23:45:50.2525777Z","Btime":"2023-10-09T00:11:38.5265107Z","Size":36644,"IsLink":false,"upload(file=OSPath)":{"Path":"C:\\inetpub\\logs\\LogFiles\\W3SVC1\\u_ex231009.log","Size":36644,"StoredSize":36644,"sha256":"63215bd99bc779af6d37560bb68926eb6c768ac73b0269904e8199708eb010db","md5":"41c345e1c207987d1e8f2deed33e66a1","StoredName":"C:\\inetpub\\logs\\LogFiles\\W3SVC1\\u_ex231009.log","Components":["C:","inetpub","logs","LogFiles","W3SVC1","u_ex231009.log"],"Accessor":"auto"},"Hash":{"MD5":"41c345e1c207987d1e8f2deed33e66a1","SHA1":"3f0aa97f6bb09fc4701f9cbc0ee0216ce222cc69","SHA256":"63215bd99bc779af6d37560bb68926eb6c768ac73b0269904e8199708eb010db"}}
{"OSPath":"C:\\inetpub\\logs\\LogFiles\\W3SVC1\\u_ex231010.log","Name":"u_ex231010.log","IocDetails":{"TargetGlob":"C:/inetpub/logs/LogFiles/W3SVC1/*","IgnoreRegex":"","Description":"Staging location"},"Mtime":"2023-10-10T23:45:50.1884951Z","Atime":"2023-10-10T00:11:17.7113787Z","Ctime":"2023-10-10T23:45:50.1884951Z","Btime":"2023-10-10T00:11:17.7113787Z","Size":42869,"IsLink":false,"upload(file=OSPath)":{"Path":"C:\\inetpub\\logs\\LogFiles\\W3SVC1\\u_ex231010.log","Size":42869,"StoredSize":42869,"sha256":"cc6a935af44c6df84ec8c4ff6e3532f4c8ef9fbdb20b9ec0ba9db0347dc1d86d","md5":"7af9f45f1466a42301275a38be6c50e5","StoredName":"C:\\inetpub\\logs\\LogFiles\\W3SVC1\\u_ex231010.log","Components":["C:","inetpub","logs","LogFiles","W3SVC1","u_ex231010.log"],"Accessor":"auto"},"Hash":{"MD5":"7af9f45f1466a42301275a38be6c50e5","SHA1":"5d86f6e30c7befe9b9bb28aff3bb33e353c519ed","SHA256":"cc6a935af44c6df84ec8c4ff6e3532f4c8ef9fbdb20b9ec0ba9db0347dc1d86d"}}
{"OSPath":"C:\\inetpub\\logs\\LogFiles\\W3SVC1\\u_ex231011.log","Name":"u_ex231011.log","IocDetails":{"TargetGlob":"C:/inetpub/logs/LogFiles/W3SVC1/*","IgnoreRegex":"","Description":"Staging location"},"Mtime":"2023-10-11T23:48:50.0729956Z","Atime":"2023-10-11T00:00:41.0801388Z","Ctime":"2023-10-11T23:48:50.0729956Z","Btime":"2023-10-11T00:00:41.0801388Z","Size":42309,"IsLink":false,"upload(file=OSPath)":{"Path":"C:\\inetpub\\logs\\LogFiles\\W3SVC1\\u_ex231011.log","Size":42309,"StoredSize":42309,"sha256":"56ffffbe9adf46c3a8116bd71006f19362afc70a78b932f4dafa6987592784a4","md5":"7064320b1e91696f116bbf65d44aa49d","StoredName":"C:\\inetpub\\logs\\LogFiles\\W3SVC1\\u_ex231011.log","Components":["C:","inetpub","logs","LogFiles","W3SVC1","u_ex231011.log"],"Accessor":"auto"},"Hash":{"MD5":"7064320b1e91696f116bbf65d44aa49d","SHA1":"2ca8574d5227dfa69d08e5a129d6c38877639a15","SHA256":"56ffffbe9adf46c3a8116bd71006f19362afc70a78b932f4dafa6987592784a4"}}
{"OSPath":"C:\\inetpub\\logs\\LogFiles\\W3SVC1\\u_ex231012.log","Name":"u_ex231012.log","IocDetails":{"TargetGlob":"C:/inetpub/logs/LogFiles/W3SVC1/*","IgnoreRegex":"","Description":"Staging location"},"Mtime":"2023-10-12T23:48:49.6561486Z","Atime":"2023-10-12T00:02:20.3577301Z","Ctime":"2023-10-12T23:48:49.6561486Z","Btime":"2023-10-12T00:02:20.3577301Z","Size":45416,"IsLink":false,"upload(file=OSPath)":{"Path":"C:\\inetpub\\logs\\LogFiles\\W3SVC1\\u_ex231012.log","Size":45416,"StoredSize":45416,"sha256":"a5f3ce74ca5782fa7154f98830a9589d4084186856f44f1dd6fefe53db5ba0f4","md5":"75e8f2db9bbcfca3ad4159e82925af8b","StoredName":"C:\\inetpub\\logs\\LogFiles\\W3SVC1\\u_ex231012.log","Components":["C:","inetpub","logs","LogFiles","W3SVC1","u_ex231012.log"],"Accessor":"auto"},"Hash":{"MD5":"75e8f2db9bbcfca3ad4159e82925af8b","SHA1":"1dae49416046108ca0fd6e15b78ea0c8fdf5ca25","SHA256":"a5f3ce74ca5782fa7154f98830a9589d4084186856f44f1dd6fefe53db5ba0f4"}}
{"OSPath":"C:\\inetpub\\logs\\LogFiles\\W3SVC1\\u_ex231013.log","Name":"u_ex231013.log","IocDetails":{"TargetGlob":"C:/inetpub/logs/LogFiles/W3SVC1/*","IgnoreRegex":"","Description":"Staging location"},"Mtime":"2023-10-13T23:53:48.976956Z","Atime":"2023-10-13T00:15:36.0528529Z","Ctime":"2023-10-13T23:53:48.976956Z","Btime":"2023-10-13T00:15:36.0528529Z","Size":71007,"IsLink":false,"upload(file=OSPath)":{"Path":"C:\\inetpub\\logs\\LogFiles\\W3SVC1\\u_ex231013.log","Size":71007,"StoredSize":71007,"sha256":"459c18fafff405c69793967b286b3815f792223752419fc722a639284ae3439d","md5":"5f3ec4fd5e17f67f29c71c617f38cdae","StoredName":"C:\\inetpub\\logs\\LogFiles\\W3SVC1\\u_ex231013.log","Components":["C:","inetpub","logs","LogFiles","W3SVC1","u_ex231013.log"],"Accessor":"auto"},"Hash":{"MD5":"5f3ec4fd5e17f67f29c71c617f38cdae","SHA1":"b35f3c3622c1dd5a1bb24314f654d7b2eeca5851","SHA256":"459c18fafff405c69793967b286b3815f792223752419fc722a639284ae3439d"}}
{"OSPath":"C:\\inetpub\\logs\\LogFiles\\W3SVC1\\u_ex231014.log","Name":"u_ex231014.log","IocDetails":{"TargetGlob":"C:/inetpub/logs/LogFiles/W3SVC1/*","IgnoreRegex":"","Description":"Staging location"},"Mtime":"2023-10-14T23:52:49.4362279Z","Atime":"2023-10-14T00:14:13.4019226Z","Ctime":"2023-10-14T23:52:49.4362279Z","Btime":"2023-10-14T00:14:13.4019226Z","Size":33269,"IsLink":false,"upload(file=OSPath)":{"Path":"C:\\inetpub\\logs\\LogFiles\\W3SVC1\\u_ex231014.log","Size":33269,"StoredSize":33269,"sha256":"91d448529867be0b836442d96d2e1dab5b4fd22606ac21cc89a789730b9713b8","md5":"56fa9dc4c7563e5d15141e3eeb5c02e7","StoredName":"C:\\inetpub\\logs\\LogFiles\\W3SVC1\\u_ex231014.log","Components":["C:","inetpub","logs","LogFiles","W3SVC1","u_ex231014.log"],"Accessor":"auto"},"Hash":{"MD5":"56fa9dc4c7563e5d15141e3eeb5c02e7","SHA1":"51ee14750b20afc9fb540bb377353a8c375224ea","SHA256":"91d448529867be0b836442d96d2e1dab5b4fd22606ac21cc89a789730b9713b8"}}
{"OSPath":"C:\\inetpub\\logs\\LogFiles\\W3SVC1\\u_ex231015.log","Name":"u_ex231015.log","IocDetails":{"TargetGlob":"C:/inetpub/logs/LogFiles/W3SVC1/*","IgnoreRegex":"","Description":"Staging location"},"Mtime":"2023-10-15T23:58:51.9278662Z","Atime":"2023-10-15T00:22:07.9501376Z","Ctime":"2023-10-15T23:58:51.9278662Z","Btime":"2023-10-15T00:22:07.9501376Z","Size":38719,"IsLink":false,"upload(file=OSPath)":{"Path":"C:\\inetpub\\logs\\LogFiles\\W3SVC1\\u_ex231015.log","Size":38719,"StoredSize":38719,"sha256":"bf1af82298cfacb6097b95c1b059a3dd3f9a29107d109fe6c97d3be10cba7c88","md5":"ed1c7d0481546a78bdd53aaf89f02a69","StoredName":"C:\\inetpub\\logs\\LogFiles\\W3SVC1\\u_ex231015.log","Components":["C:","inetpub","logs","LogFiles","W3SVC1","u_ex231015.log"],"Accessor":"auto"},"Hash":{"MD5":"ed1c7d0481546a78bdd53aaf89f02a69","SHA1":"64c6d64241e12c3622ed65b72ba1b81a855cb7fb","SHA256":"bf1af82298cfacb6097b95c1b059a3dd3f9a29107d109fe6c97d3be10cba7c88"}}
{"OSPath":"C:\\inetpub\\logs\\LogFiles\\W3SVC1\\u_ex231016.log","Name":"u_ex231016.log","IocDetails":{"TargetGlob":"C:/inetpub/logs/LogFiles/W3SVC1/*","IgnoreRegex":"","Description":"Staging location"},"Mtime":"2023-10-16T23:55:49.1336869Z","Atime":"2023-10-16T00:03:23.6225869Z","Ctime":"2023-10-16T23:55:49.1336869Z","Btime":"2023-10-16T00:03:23.6225869Z","Size":58989,"IsLink":false,"upload(file=OSPath)":{"Path":"C:\\inetpub\\logs\\LogFiles\\W3SVC1\\u_ex231016.log","Size":58989,"StoredSize":58989,"sha256":"c49b815cbfa3f84ca40b4ac2ace69ac1d29268277dd4acb0f8a555e39d8affea","md5":"f3c455bf76b552978b1b59c319cfaaea","StoredName":"C:\\inetpub\\logs\\LogFiles\\W3SVC1\\u_ex231016.log","Components":["C:","inetpub","logs","LogFiles","W3SVC1","u_ex231016.log"],"Accessor":"auto"},"Hash":{"MD5":"f3c455bf76b552978b1b59c319cfaaea","SHA1":"ae7a4f7a38b86bf62379465e7faa8f5b7c738e15","SHA256":"c49b815cbfa3f84ca40b4ac2ace69ac1d29268277dd4acb0f8a555e39d8affea"}}
{"OSPath":"C:\\inetpub\\logs\\LogFiles\\W3SVC1\\u_ex231017.log","Name":"u_ex231017.log","IocDetails":{"TargetGlob":"C:/inetpub/logs/LogFiles/W3SVC1/*","IgnoreRegex":"","Description":"Staging location"},"Mtime":"2023-10-17T23:57:49.7841143Z","Atime":"2023-10-17T00:25:36.9030564Z","Ctime":"2023-10-17T23:57:49.7841143Z","Btime":"2023-10-17T00:25:36.9030564Z","Size":43887,"IsLink":false,"upload(file=OSPath)":{"Path":"C:\\inetpub\\logs\\LogFiles\\W3SVC1\\u_ex231017.log","Size":43887,"StoredSize":43887,"sha256":"11bb17f2b2fb5d3d8f68b6b7994abc6290baa835b822b437d62bdf28298a63c1","md5":"64e23bcc6f7aeab2a572ab02f0c5829e","StoredName":"C:\\inetpub\\logs\\LogFiles\\W3SVC1\\u_ex231017.log","Components":["C:","inetpub","logs","LogFiles","W3SVC1","u_ex231017.log"],"Accessor":"auto"},"Hash":{"MD5":"64e23bcc6f7aeab2a572ab02f0c5829e","SHA1":"0ca8fc36b150063a2e160b315e4513f6784b8445","SHA256":"11bb17f2b2fb5d3d8f68b6b7994abc6290baa835b822b437d62bdf28298a63c1"}}
{"OSPath":"C:\\inetpub\\logs\\LogFiles\\W3SVC1\\u_ex231018.log","Name":"u_ex231018.log","IocDetails":{"TargetGlob":"C:/inetpub/logs/LogFiles/W3SVC1/*","IgnoreRegex":"","Description":"Staging location"},"Mtime":"2023-10-18T23:45:49.697046Z","Atime":"2023-10-18T00:23:42.4538586Z","Ctime":"2023-10-18T23:45:49.697046Z","Btime":"2023-10-18T00:23:42.4538586Z","Size":50030,"IsLink":false,"upload(file=OSPath)":{"Path":"C:\\inetpub\\logs\\LogFiles\\W3SVC1\\u_ex231018.log","Size":50030,"StoredSize":50030,"sha256":"a1ed267b23a3e9b4d7cf849325f21b65c413700cee0bfd4b1539ede23eb28db9","md5":"b9364d53d346ecd706eb9dbf38b57db1","StoredName":"C:\\inetpub\\logs\\LogFiles\\W3SVC1\\u_ex231018.log","Components":["C:","inetpub","logs","LogFiles","W3SVC1","u_ex231018.log"],"Accessor":"auto"},"Hash":{"MD5":"b9364d53d346ecd706eb9dbf38b57db1","SHA1":"1d3c5529eb81d428a9a8fb39ba97f2406abdf802","SHA256":"a1ed267b23a3e9b4d7cf849325f21b65c413700cee0bfd4b1539ede23eb28db9"}}
{"OSPath":"C:\\inetpub\\logs\\LogFiles\\W3SVC1\\u_ex231019.log","Name":"u_ex231019.log","IocDetails":{"TargetGlob":"C:/inetpub/logs/LogFiles/W3SVC1/*","IgnoreRegex":"","Description":"Staging location"},"Mtime":"2023-10-19T23:56:50.060935Z","Atime":"2023-10-19T00:00:24.5740591Z","Ctime":"2023-10-19T23:56:50.060935Z","Btime":"2023-10-19T00:00:24.5740591Z","Size":42043,"IsLink":false,"upload(file=OSPath)":{"Path":"C:\\inetpub\\logs\\LogFiles\\W3SVC1\\u_ex231019.log","Size":42043,"StoredSize":42043,"sha256":"f8a2c3546f3dc8a5e16a6a69a92f41eeace7eab34af2cb34e2fff184bd9634e6","md5":"6f78ce26a821ae8d0c6fa3d542359a9a","StoredName":"C:\\inetpub\\logs\\LogFiles\\W3SVC1\\u_ex231019.log","Components":["C:","inetpub","logs","LogFiles","W3SVC1","u_ex231019.log"],"Accessor":"auto"},"Hash":{"MD5":"6f78ce26a821ae8d0c6fa3d542359a9a","SHA1":"fc61b8e4473021fb92d1e1036d68055b610e57ef","SHA256":"f8a2c3546f3dc8a5e16a6a69a92f41eeace7eab34af2cb34e2fff184bd9634e6"}}
{"OSPath":"C:\\inetpub\\logs\\LogFiles\\W3SVC1\\u_ex231020.log","Name":"u_ex231020.log","IocDetails":{"TargetGlob":"C:/inetpub/logs/LogFiles/W3SVC1/*","IgnoreRegex":"","Description":"Staging location"},"Mtime":"2023-10-20T23:59:49.9536243Z","Atime":"2023-10-20T00:03:11.5749258Z","Ctime":"2023-10-20T23:59:49.9536243Z","Btime":"2023-10-20T00:03:11.5749258Z","Size":48579,"IsLink":false,"upload(file=OSPath)":{"Path":"C:\\inetpub\\logs\\LogFiles\\W3SVC1\\u_ex231020.log","Size":48579,"StoredSize":48579,"sha256":"89e39aac2e3189037f52552aacb9df34ef939f40def47beb3bbdfdc66ced8426","md5":"9f80493589d14c2b8345ae9fef42040b","StoredName":"C:\\inetpub\\logs\\LogFiles\\W3SVC1\\u_ex231020.log","Components":["C:","inetpub","logs","LogFiles","W3SVC1","u_ex231020.log"],"Accessor":"auto"},"Hash":{"MD5":"9f80493589d14c2b8345ae9fef42040b","SHA1":"a2452d088c7ea83ce4e5bccf2b3771ae5f361f37","SHA256":"89e39aac2e3189037f52552aacb9df34ef939f40def47beb3bbdfdc66ced8426"}}
{"OSPath":"C:\\inetpub\\logs\\LogFiles\\W3SVC1\\u_ex231021.log","Name":"u_ex231021.log","IocDetails":{"TargetGlob":"C:/inetpub/logs/LogFiles/W3SVC1/*","IgnoreRegex":"","Description":"Staging location"},"Mtime":"2023-10-21T23:54:49.3989328Z","Atime":"2023-10-21T00:05:52.9014623Z","Ctime":"2023-10-21T23:54:49.3989328Z","Btime":"2023-10-21T00:05:52.9014623Z","Size":52993,"IsLink":false,"upload(file=OSPath)":{"Path":"C:\\inetpub\\logs\\LogFiles\\W3SVC1\\u_ex231021.log","Size":52993,"StoredSize":52993,"sha256":"02d48e95aeb84162581d59a81fde002772e0ed3caf129a2c54aff7dddf18b210","md5":"95df94ee83e802fdfdb715a3a616c40c","StoredName":"C:\\inetpub\\logs\\LogFiles\\W3SVC1\\u_ex231021.log","Components":["C:","inetpub","logs","LogFiles","W3SVC1","u_ex231021.log"],"Accessor":"auto"},"Hash":{"MD5":"95df94ee83e802fdfdb715a3a616c40c","SHA1":"4d2531b5f1d961517c7e2e770514f30796a598b4","SHA256":"02d48e95aeb84162581d59a81fde002772e0ed3caf129a2c54aff7dddf18b210"}}
{"OSPath":"C:\\inetpub\\logs\\LogFiles\\W3SVC1\\u_ex231022.log","Name":"u_ex231022.log","IocDetails":{"TargetGlob":"C:/inetpub/logs/LogFiles/W3SVC1/*","IgnoreRegex":"","Description":"Staging location"},"Mtime":"2023-10-22T23:56:50.0973999Z","Atime":"2023-10-22T00:08:26.9202578Z","Ctime":"2023-10-22T23:56:50.0973999Z","Btime":"2023-10-22T00:08:26.9202578Z","Size":51422,"IsLink":false,"upload(file=OSPath)":{"Path":"C:\\inetpub\\logs\\LogFiles\\W3SVC1\\u_ex231022.log","Size":51422,"StoredSize":51422,"sha256":"2fa3d1b2d344b3aae181922b4e700d170805d63e7e6ca030279aa2ba653d680e","md5":"39fb25fa1bb8d7d0863b126c6a60839f","StoredName":"C:\\inetpub\\logs\\LogFiles\\W3SVC1\\u_ex231022.log","Components":["C:","inetpub","logs","LogFiles","W3SVC1","u_ex231022.log"],"Accessor":"auto"},"Hash":{"MD5":"39fb25fa1bb8d7d0863b126c6a60839f","SHA1":"cc1a384d2ce9c2b34f6819b87a6030db2bd30b93","SHA256":"2fa3d1b2d344b3aae181922b4e700d170805d63e7e6ca030279aa2ba653d680e"}}
{"OSPath":"C:\\inetpub\\logs\\LogFiles\\W3SVC1\\u_ex231023.log","Name":"u_ex231023.log","IocDetails":{"TargetGlob":"C:/inetpub/logs/LogFiles/W3SVC1/*","IgnoreRegex":"","Description":"Staging location"},"Mtime":"2023-10-23T23:58:49.2082744Z","Atime":"2023-10-23T00:08:25.2739776Z","Ctime":"2023-10-23T23:58:49.2082744Z","Btime":"2023-10-23T00:08:25.2739776Z","Size":109796,"IsLink":false,"upload(file=OSPath)":{"Path":"C:\\inetpub\\logs\\LogFiles\\W3SVC1\\u_ex231023.log","Size":109796,"StoredSize":109796,"sha256":"517802fb0a40931e33e89eaf1eab351eb2f240d78166175c8ae0f73cc02482e0","md5":"76f734ae02eb45a470d6f4b8f330952f","StoredName":"C:\\inetpub\\logs\\LogFiles\\W3SVC1\\u_ex231023.log","Components":["C:","inetpub","logs","LogFiles","W3SVC1","u_ex231023.log"],"Accessor":"auto"},"Hash":{"MD5":"76f734ae02eb45a470d6f4b8f330952f","SHA1":"caf1264872d54d5cc4be6e87b50b8d3a2875a432","SHA256":"517802fb0a40931e33e89eaf1eab351eb2f240d78166175c8ae0f73cc02482e0"}}
{"OSPath":"C:\\inetpub\\logs\\LogFiles\\W3SVC1\\u_ex231024.log","Name":"u_ex231024.log","IocDetails":{"TargetGlob":"C:/inetpub/logs/LogFiles/W3SVC1/*","IgnoreRegex":"","Description":"Staging location"},"Mtime":"2023-10-24T23:46:51.9311563Z","Atime":"2023-10-24T00:11:17.2146567Z","Ctime":"2023-10-24T23:46:51.9311563Z","Btime":"2023-10-24T00:11:17.2146567Z","Size":48743,"IsLink":false,"upload(file=OSPath)":{"Path":"C:\\inetpub\\logs\\LogFiles\\W3SVC1\\u_ex231024.log","Size":48743,"StoredSize":48743,"sha256":"6c1384469fae5d689fc4b1e93343ff4949a60b4c1b72c2f1fb66d6b51fbab0f1","md5":"7c3070e2a75095e5ace5beb448d41691","StoredName":"C:\\inetpub\\logs\\LogFiles\\W3SVC1\\u_ex231024.log","Components":["C:","inetpub","logs","LogFiles","W3SVC1","u_ex231024.log"],"Accessor":"auto"},"Hash":{"MD5":"7c3070e2a75095e5ace5beb448d41691","SHA1":"94597658d34347cdde817c2aa2a5734fd68ff4bd","SHA256":"6c1384469fae5d689fc4b1e93343ff4949a60b4c1b72c2f1fb66d6b51fbab0f1"}}
{"OSPath":"C:\\inetpub\\logs\\LogFiles\\W3SVC1\\u_ex231025.log","Name":"u_ex231025.log","IocDetails":{"TargetGlob":"C:/inetpub/logs/LogFiles/W3SVC1/*","IgnoreRegex":"","Description":"Staging location"},"Mtime":"2023-10-25T23:49:50.4039237Z","Atime":"2023-10-25T00:01:23.0403984Z","Ctime":"2023-10-25T23:49:50.4039237Z","Btime":"2023-10-25T00:01:23.0403984Z","Size":43727,"IsLink":false,"upload(file=OSPath)":{"Path":"C:\\inetpub\\logs\\LogFiles\\W3SVC1\\u_ex231025.log","Size":43727,"StoredSize":43727,"sha256":"0d21e4fbb6597e582ea97a8cf14ef7d145a99d655d885e0f22cdd6dc8bd27eb2","md5":"735725d113b98441ff776f7bcbf94287","StoredName":"C:\\inetpub\\logs\\LogFiles\\W3SVC1\\u_ex231025.log","Components":["C:","inetpub","logs","LogFiles","W3SVC1","u_ex231025.log"],"Accessor":"auto"},"Hash":{"MD5":"735725d113b98441ff776f7bcbf94287","SHA1":"802a161fcb607ee8fac368fc03f0c2e52f3bd10c","SHA256":"0d21e4fbb6597e582ea97a8cf14ef7d145a99d655d885e0f22cdd6dc8bd27eb2"}}
{"OSPath":"C:\\inetpub\\logs\\LogFiles\\W3SVC1\\u_ex231026.log","Name":"u_ex231026.log","IocDetails":{"TargetGlob":"C:/inetpub/logs/LogFiles/W3SVC1/*","IgnoreRegex":"","Description":"Staging location"},"Mtime":"2023-10-26T23:51:50.0817582Z","Atime":"2023-10-26T00:04:09.9927365Z","Ctime":"2023-10-26T23:51:50.0817582Z","Btime":"2023-10-26T00:04:09.9927365Z","Size":42600,"IsLink":false,"upload(file=OSPath)":{"Path":"C:\\inetpub\\logs\\LogFiles\\W3SVC1\\u_ex231026.log","Size":42600,"StoredSize":42600,"sha256":"c7f53fbf7900cb9ad9e8ceffa7b6af7d459d0a91bd9fbe0a88f652eb289c7763","md5":"09e858e7bb7f2e2a902ace9b7598dff8","StoredName":"C:\\inetpub\\logs\\LogFiles\\W3SVC1\\u_ex231026.log","Components":["C:","inetpub","logs","LogFiles","W3SVC1","u_ex231026.log"],"Accessor":"auto"},"Hash":{"MD5":"09e858e7bb7f2e2a902ace9b7598dff8","SHA1":"8d8d9420297a8781b69f4acdc8796aec227fa3f8","SHA256":"c7f53fbf7900cb9ad9e8ceffa7b6af7d459d0a91bd9fbe0a88f652eb289c7763"}}
{"OSPath":"C:\\inetpub\\logs\\LogFiles\\W3SVC1\\u_ex231027.log","Name":"u_ex231027.log","IocDetails":{"TargetGlob":"C:/inetpub/logs/LogFiles/W3SVC1/*","IgnoreRegex":"","Description":"Staging location"},"Mtime":"2023-10-27T23:54:50.2068577Z","Atime":"2023-10-27T00:06:47.4338686Z","Ctime":"2023-10-27T23:54:50.2068577Z","Btime":"2023-10-27T00:06:47.4338686Z","Size":45334,"IsLink":false,"upload(file=OSPath)":{"Path":"C:\\inetpub\\logs\\LogFiles\\W3SVC1\\u_ex231027.log","Size":45334,"StoredSize":45334,"sha256":"95dc135232e02591f8b5924f54271f6b8d9782cac41bfdc54043b63604ea6457","md5":"bcc2fe2653e1473a423a9df05a006cf8","StoredName":"C:\\inetpub\\logs\\LogFiles\\W3SVC1\\u_ex231027.log","Components":["C:","inetpub","logs","LogFiles","W3SVC1","u_ex231027.log"],"Accessor":"auto"},"Hash":{"MD5":"bcc2fe2653e1473a423a9df05a006cf8","SHA1":"780a8e4b8fd8e6a2c3cb97f1245a2d8b9be0ece0","SHA256":"95dc135232e02591f8b5924f54271f6b8d9782cac41bfdc54043b63604ea6457"}}
{"OSPath":"C:\\inetpub\\logs\\LogFiles\\W3SVC1\\u_ex231028.log","Name":"u_ex231028.log","IocDetails":{"TargetGlob":"C:/inetpub/logs/LogFiles/W3SVC1/*","IgnoreRegex":"","Description":"Staging location"},"Mtime":"2023-10-28T23:57:49.6188232Z","Atime":"2023-10-28T00:08:40.8447773Z","Ctime":"2023-10-28T23:57:49.6188232Z","Btime":"2023-10-28T00:08:40.8447773Z","Size":41608,"IsLink":false,"upload(file=OSPath)":{"Path":"C:\\inetpub\\logs\\LogFiles\\W3SVC1\\u_ex231028.log","Size":41608,"StoredSize":41608,"sha256":"7f1b664fc044413838ee05e16a9de73372c571621c87cdd4f6e264c5fb3fe249","md5":"5fa7f222e36702fe572dc03232473ac8","StoredName":"C:\\inetpub\\logs\\LogFiles\\W3SVC1\\u_ex231028.log","Components":["C:","inetpub","logs","LogFiles","W3SVC1","u_ex231028.log"],"Accessor":"auto"},"Hash":{"MD5":"5fa7f222e36702fe572dc03232473ac8","SHA1":"74addaf9dd0e5f43da70cb043e85b79ec146585e","SHA256":"7f1b664fc044413838ee05e16a9de73372c571621c87cdd4f6e264c5fb3fe249"}}
{"OSPath":"C:\\inetpub\\logs\\LogFiles\\W3SVC1\\u_ex231029.log","Name":"u_ex231029.log","IocDetails":{"TargetGlob":"C:/inetpub/logs/LogFiles/W3SVC1/*","IgnoreRegex":"","Description":"Staging location"},"Mtime":"2023-10-29T16:14:51.9357399Z","Atime":"2023-10-29T00:12:05.8274671Z","Ctime":"2023-10-29T16:14:51.9357399Z","Btime":"2023-10-29T00:12:05.8274671Z","Size":46719,"IsLink":false,"upload(file=OSPath)":{"Path":"C:\\inetpub\\logs\\LogFiles\\W3SVC1\\u_ex231029.log","Size":46719,"StoredSize":46719,"sha256":"a804f13f1bdf358eb8bd591ff60160e439d8ab4cae6bed1f50fe223d7cf23b24","md5":"341918ff55772c2c8ba660627a54f60b","StoredName":"C:\\inetpub\\logs\\LogFiles\\W3SVC1\\u_ex231029.log","Components":["C:","inetpub","logs","LogFiles","W3SVC1","u_ex231029.log"],"Accessor":"auto"},"Hash":{"MD5":"341918ff55772c2c8ba660627a54f60b","SHA1":"50aa790fc6b381e8176838ee92203ce9a6208939","SHA256":"a804f13f1bdf358eb8bd591ff60160e439d8ab4cae6bed1f50fe223d7cf23b24"}}
